parameter_id,category,value,type,unit,source,description
player.initial_max_hp,player,100,int,HP,user_confirmed,首次取得躯干初始化最大生命与满当前生命
player.loadout_capacity,body,3,int,slot,existing_contract,腿与手剑及一种尾共享三槽
player.default_facing,attack,right,enum,direction,design_default,开局向右;静止沿用最后移动方向
player.facing_input_threshold,attack,0.1,float,input,design_default,水平输入绝对值超过该值更新朝向
player.attack_base_percent,attack,100,int,percent_point,user_confirmed,共享攻击倍率初始百分点
player.attack_gain_per_card,attack,10,int,percent_point,user_confirmed,每张攻击增益线性增加百分点
player.attack_loss_per_card,attack,10,int,percent_point,user_confirmed,每张攻击减益线性减少百分点
player.attack_min_percent,attack,60,int,percent_point,user_confirmed,支付减攻后不得低于该值
player.basic_attack_interval,attack,0.5,float,second,user_confirmed,咬击与剑击共享启动间隔;从动作启动计
player.basic_attack_hold_repeat,attack,0,bool,enabled,design_default,按一次启动一次;不做按住自动连发
player.attack_requests_buffered_when_busy,attack,0,bool,enabled,design_default,忙碌或冷却请求丢弃;不补发
player.attack_move_allowed,attack,1,bool,enabled,user_confirmed,攻击期间可以移动
player.attack_jump_allowed,attack,1,bool,enabled,design_default,攻击期间可以跳跃
player.attack_direction_locked,attack,1,bool,enabled,user_confirmed,启动时锁方向;喷火整个持续期保持
player.attack_dash_mutually_exclusive,attack,1,bool,enabled,design_default,攻击动作与冲刺互斥;不含普通移动和跳
player.action_request_priority,attack,fire_basic_dash,enum,order,design_default,同帧只接受一个合法请求;喷火先于普攻先于冲刺
player.bite_base_damage,bite,10,int,HP_per_hit,user_confirmed,有躯干无手使用咬击
player.bite_length,bite,1,float,unity_unit,user_confirmed,从根实体碰撞体前缘向外计算
player.bite_height,bite,1,float,unity_unit,user_confirmed,以根碰撞体中心Y为中心
player.bite_windup,bite,0.1,float,second,design_default,启动后等待该时间开启判定
player.bite_active,bite,0.1,float,second,design_default,窗口持续查询;同敌人一次
player.bite_recovery,bite,0.1,float,second,design_default,后摇内不启动另一攻击
player.bite_wall_occlusion,bite,1,bool,enabled,design_default,实心地形与关闭门遮挡;Trigger与角色不遮挡
player.sword_base_damage,sword,20,int,HP_per_hit,user_confirmed,有手使用剑击;无腿也可用
player.sword_length,sword,1.5,float,unity_unit,user_confirmed,从根实体碰撞体前缘向外计算
player.sword_height,sword,1.5,float,unity_unit,user_confirmed,以根碰撞体中心Y为中心
player.sword_windup,sword,0.1,float,second,design_default,与咬击同前摇
player.sword_active,sword,0.1,float,second,design_default,窗口持续查询;同敌人一次
player.sword_recovery,sword,0.1,float,second,design_default,后摇内不启动另一攻击
player.sword_wall_occlusion,sword,1,bool,enabled,design_default,实心地形与关闭门遮挡
player.melee_hits_per_target_per_action,attack,1,int,hit,user_confirmed,同实体多Collider不能重复扣血
player.melee_enemy_knockback,attack,0,float,unity_unit_per_second,design_default,咬击与剑击不给敌人击退
player.fire_tick_base_damage,fire,8,int,HP_per_tick,user_confirmed,每跳向上取整后结算
player.fire_tick_interval,fire,0.2,float,second,user_confirmed,从释放立即首跳;随后固定时间点
player.fire_duration,fire,2,float,second,user_confirmed,有效区间为起点包含结束点不包含
player.fire_cooldown,fire,8,float,second,user_confirmed,从释放时刻计时;喷完剩6秒
player.fire_windup,fire,0,float,second,design_default,接受释放立即进入首跳
player.fire_recovery,fire,0,float,second,design_default,结束后无额外后摇
player.fire_length,fire,3,float,unity_unit,design_default,2026-10-01慢飞火焰团默认2秒飞行3单位;旧前向矩形长度规则被替代
player.fire_height,fire,1.2,float,unity_unit,design_default,2026-10-01慢飞火焰团直径1.2;不再使用玩家前方整段矩形
player.fire_resource_cost,fire,0,int,resource,design_default,首版无资源条;只受冷却限制
player.fire_solid_collider,fire,0,bool,enabled,user_confirmed,火焰不阻挡实体身体
player.fire_wall_occlusion,fire,1,bool,enabled,user_confirmed,实心墙与关闭门截断火焰伤害
player.fire_dot_after_end,fire,0,bool,enabled,design_default,无额外燃烧DOT
player.fire_enemy_knockback,fire,0,float,unity_unit_per_second,design_default,喷火不给敌人击退
player.fire_default_keyboard,fire,Q,enum,key,design_default,由唯一Input Actions资产统一绑定
player.fire_default_mouse,fire,right_button,enum,key,design_default,鼠标右键喷火
player.fire_default_gamepad,fire,right_shoulder,enum,key,design_default,手柄右肩键喷火
player.fire_cooldown_reset_on_acquire,fire,0,bool,enabled,design_default,失去再获得不刷新冷却;首次获得立即可用
enemy.normal_base_max_hp,enemy,150,int,HP,user_confirmed,所有层普通小怪共用基础生命
enemy.elite_base_max_hp,enemy,250,int,HP,user_confirmed,出口精英基础生命
enemy.normal_base_contact_damage,enemy,10,int,HP_per_hit,user_confirmed,接触立即尝试伤害
enemy.elite_base_contact_damage,enemy,20,int,HP_per_hit,user_confirmed,精英接触伤害
enemy.hp_add_per_cost,enemy_modifier,50,int,HP,user_confirmed,全局每张增血代价加50;基于各自基础生命
enemy.damage_add_per_cost,enemy_modifier,5,int,HP_per_hit,user_confirmed,全局每张增攻代价加5;与增血卡独立
enemy.keep_hp_ratio_on_increase,enemy_modifier,1,bool,enabled,user_confirmed,当前生命按新旧上限比例向上取整
enemy.future_spawn_inherit_modifiers,enemy_modifier,1,bool,enabled,existing_contract,未来生成怪物继承全局累计负面
enemy.revive_on_hp_increase,enemy_modifier,0,bool,enabled,existing_contract,增血不复活死亡怪物
enemy.chase_speed_factor,enemy_ai,1,float,ratio,user_confirmed,读取玩家基础水平速度;不读冲刺击退速度
enemy.normal_aggro_radius,enemy_ai,5,float,unity_unit,design_default,普通敌人初次索敌半径
enemy.elite_aggro_radius,enemy_ai,7,float,unity_unit,design_default,精英初次索敌半径
enemy.normal_activity_left_offset,enemy_ai,6,float,unity_unit,design_default,默认出生点左边界;地图可按实际平台覆盖
enemy.normal_activity_right_offset,enemy_ai,6,float,unity_unit,design_default,默认出生点右边界;地图可按实际平台覆盖
enemy.elite_activity_left_offset,enemy_ai,8,float,unity_unit,design_default,精英默认出生点左边界
enemy.elite_activity_right_offset,enemy_ai,8,float,unity_unit,design_default,精英默认出生点右边界
enemy.patrol_speed,enemy_ai,1.5,float,unity_unit_per_second,design_default,无仇恨在合法路径上巡逻
enemy.return_speed,enemy_ai,1.5,float,unity_unit_per_second,design_default,脱战返回出生点速度
enemy.aggro_requires_line_of_sight,enemy_ai,1,bool,enabled,design_default,初次索敌受实心地形遮挡
enemy.disengage_on_player_outside_bounds,enemy_ai,1,bool,enabled,user_confirmed,玩家出活动范围失去仇恨
enemy.heal_on_disengage,enemy_ai,0,bool,enabled,design_default,脱战不回血;保留消耗
enemy.solid_player_collision,enemy_ai,1,bool,enabled,user_confirmed,实体碰撞阻止怪物与玩家互穿
enemy.contact_knockback,enemy,0,float,unity_unit_per_second,user_confirmed,敌人接触无击退且不中断攻击
enemy.damage_invulnerability_after_player_hit,enemy,0,float,second,design_default,敌人被玩家打不获得额外无敌
player.hurt_invulnerability,protection,0.5,float,second,user_confirmed,敌人与地刺共享保护;不是每来源一份
player.teleport_invulnerability,protection,0.5,float,second,user_confirmed,抵达后敌人与地刺伤害及击退均拒绝
player.max_damage_commits_per_physics_step,protection,1,int,hit,design_default,同物理步接触来源统一仲裁
player.contact_damage_selection,protection,highest_damage_then_stable_id,enum,order,design_default,多源选最大合法伤害;同伤害按稳定ID
hazard.spike_damage,spike,5,int,HP_per_hit,user_confirmed,成功Terrain伤害才触发击退
hazard.spike_horizontal_knockback,spike,4,float,unity_unit_per_second,design_default,一次设置水平速度;远离地刺中心
hazard.spike_vertical_knockback,spike,4,float,unity_unit_per_second,design_default,向上一次设置速度;重力继续
hazard.spike_control_lock,spike,0.15,float,second,design_default,限制移动与新动作;在途攻击不中断
hazard.spike_direction_epsilon,spike,0.05,float,unity_unit,design_default,近中心时朝向反方向水平击退
hazard.spike_contact_retry_interval,spike,0.5,float,second,design_default,无独立tick;等价于统一保护结束后再尝试
hazard.spike_cancel_active_dash,spike,1,bool,enabled,design_default,避免冲刺速度覆盖地刺击退
hazard.spike_solid_platform,spike,0,bool,enabled,existing_contract,地刺不额外做实体承托平台
reward.heal_max_hp_percent,reward,20,int,percent_point,user_confirmed,按当前最大生命回复20%;向上取整
reward.max_hp_gain_percent,reward,10,int,percent_point,user_confirmed,按当前最大生命增加10%;向上取整
reward.max_hp_heal_added_amount,reward,1,bool,enabled,user_confirmed,同时回复本次上限增加量;不回满
reward.full_health_heal_eligible,reward,1,bool,enabled,existing_contract,满血回血仍入池;提示无即时恢复收益
reward.choice_count,reward,3,int,card,existing_contract,普通和支线箱随机三张不同
reward.teaching_choice_count,reward,1,int,card,existing_contract,教学箱固定躯干单卡
reward.side_uses_common_pool,reward,1,bool,enabled,user_confirmed,支线箱不做固定组合与强化值
reward.regrowth_guarantee,reward,0,bool,enabled,user_confirmed,所有非教学箱随机;无单独再生保底
reward.pool_sampling,reward,uniform_without_replacement,enum,algorithm,design_default,合法候选等概率无放回
reward.cache_on_first_accepted_show,reward,1,bool,enabled,existing_contract,取消不刷新;失效只修该位置
cost.current_hp_loss_percent,cost,20,int,percent_point,existing_contract,当前生命扣20%向上取整;不得致死
cost.max_hp_loss_percent,cost,10,int,percent_point,existing_contract,上限扣10%向上取整;再压当前生命
cost.choice_count,cost,3,int,card,existing_contract,持有部件舍弃项加全部5效果项随机三张
cost.effect_definition_count,cost,5,int,card,user_confirmed,扣当前降上限减攻敌人增血敌人增攻
cost.require_discard_card,cost,0,bool,enabled,user_confirmed,随机结果不强制包含舍弃卡
cost.pool_sampling,cost,uniform_without_replacement,enum,algorithm,design_default,灰生命卡仍可展示;不可提交
cost.all_disabled_repair_slots,cost,1,int,card,design_default,仅全灰时最少替换1位置为合法非生命代价
cost.cache_until_successful_teleport,cost,1,bool,enabled,existing_contract,取消固定;成功消费后下次重抽
inspection_door.prompt_distance,interaction,1.5,float,unity_unit,design_default,默认从可接近门侧向外的检测距离
inspection_door.requires_interact_key,interaction,0,bool,enabled,user_confirmed,靠近自动确认;不要求E
inspection_door.rearm_requires_exit,interaction,1,bool,enabled,user_confirmed,取消后离开检测区再进入才重弹
inspection_door.disappear_for_run,interaction,1,bool,enabled,user_confirmed,成功后本局实体与视觉永久消失
side.obstacle_reset_on_exit,interaction,0,bool,enabled,user_confirmed,受控障碍成功消失后不复位
side.reward_claims_per_run,interaction,1,int,claim,existing_contract,每条支线每局只领一次普通随机箱
world.fall_relocation_enabled,world,0,bool,enabled,user_confirmed,封闭地图;不做旧落坑扣血与安全点回传
ui.pause_restart_confirmation,ui,0,bool,enabled,design_default,暂停菜单重开直接新局
ui.quit_confirmation,ui,0,bool,enabled,design_default,退出游戏直接退出应用
ui.choice_escape_cancels_only,ui,1,bool,enabled,existing_contract,选择界面Esc只取消不同时打开暂停
run.death_priority_over_win,run,1,bool,enabled,existing_contract,死亡优先于同帧支线完成或出口胜利
run.elite_death_direct_win,run,0,bool,enabled,existing_contract,精英死亡仅解锁出口
run.exit_cost,run,0,int,HP,existing_contract,存活进入已解锁出口免费胜利
numeric.health_damage_rounding,numeric,ceil,enum,rounding,user_confirmed,生命与伤害一律向上取整;各结算一次
numeric.percentage_storage,numeric,integer_percentage_points,enum,storage,user_confirmed,100表示100%;用整数避免浮点误差
player.fire_shape,fire,travelling_orb,enum,shape,user_confirmed,2026-10-01用户确认持续扣并飞慢点;命中期间按全局跳时刻结算
player.fire_speed,fire,1.5,float,unity_unit_per_second,design_default,初始方向水平慢飞;不跟随玩家位移;Inspector可调
player.fire_radius,fire,0.6,float,unity_unit,design_default,每跳重查圆范围;目标离开停止扣血;实体多Collider去重
player.main_action_gate_duration,attack,0.35,float,second,design_default,C07旧即时咬剑的表现互斥时间;不替代未来0.1前摇有效后摇时间轴
